<?xml version="1.0" encoding="UTF-8"?>
<project xmlns="urn:stonesoup:project"
 xmlns:xsi="http://www.w3.org/2001/XMLSchema-instance"
 name="C-GREP" base_program="C-GREP" language="C">
    <description>GREP 2.14</description>
    <structure source="src" install="install" scripts="scripts" iodata="testData" scoredata="testOutput" />
    <run_command>$SS_TC_ROOT/$SS_TC_INSTALL/bin/grep</run_command>
    <build_commands>
        <command>./configure --prefix="$SS_TC_ROOT/$SS_TC_INSTALL" --exec-prefix="$SS_TC_ROOT/$SS_TC_INSTALL" --with-included-regex</command>
        <command>make V=1 CC=&quot;$SS_CC&quot; CCLD=&quot;$SS_LNK&quot;</command>
        <command>make V=1 install CC=&quot;$SS_CC&quot; CCLD=&quot;$SS_LNK&quot;</command>
    </build_commands>
    <iopairs>
        <iopair name="C-GREP-GOOD-01" type="GOOD">
            <description>all words beginning with e or x, case sensitive</description>
            <technical_impact>NONE</technical_impact>
            <run_command>^[ex] input/dict.txt</run_command>
            <scoring_formula default="GOOD-01-Default">
                <formula name="GOOD-01-Default">STDOUT-01 AND NOT TIMEOUT AND NOT CONTROLLED_EXIT</formula>
            </scoring_formula>
            <output_checks>
                <compare_check name="STDOUT-01" check_type="CONTAINS">
                    <actual output_type="STANDARD_OUT"></actual>
                    <expected type="USE_FILE_CONTENTS">good-01/std-out.txt</expected>
                </compare_check>
               <simple_check check_type="SPECIAL" encoding="STRING" name="TIMEOUT" type="USE_TEXT">DOES_NOT_RETURN</simple_check>
               <simple_check check_type="SPECIAL" encoding="STRING" name="CONTROLLED_EXIT" type="USE_TEXT">CONTROLLED_EXIT</simple_check>
            </output_checks>
        </iopair>
        <iopair name="C-GREP-GOOD-02" type="GOOD">
            <description>find BIRMINGHAM, ignore case, recursive</description>
            <technical_impact>NONE</technical_impact>
            <run_command>-r -i BIRMINGHAM input/zip/</run_command>
            <post_processes>
                <process>
                    <script>sort $SS_LOG_EXECUTE_STDOUT -o $SS_LOG_EXECUTE_STDOUT_tmp &amp;&amp; mv $SS_LOG_EXECUTE_STDOUT_tmp $SS_LOG_EXECUTE_STDOUT</script>
                </process>
            </post_processes>
            <scoring_formula default="GOOD-02-Default">
                <formula name="GOOD-02-Default">STDOUT-02 AND NOT TIMEOUT AND NOT CONTROLLED_EXIT</formula>
            </scoring_formula>
            <output_checks>
                <compare_check name="STDOUT-02" check_type="CONTAINS">
                    <actual output_type="STANDARD_OUT"></actual>
                    <expected type="USE_FILE_CONTENTS">good-02/std-out.txt</expected>
                </compare_check>
               <simple_check check_type="SPECIAL" encoding="STRING" name="TIMEOUT" type="USE_TEXT">DOES_NOT_RETURN</simple_check>
               <simple_check check_type="SPECIAL" encoding="STRING" name="CONTROLLED_EXIT" type="USE_TEXT">CONTROLLED_EXIT</simple_check>
            </output_checks>
        </iopair>
        <iopair name="C-GREP-GOOD-03" type="GOOD">
            <description>read extented regular expressions from file</description>
            <technical_impact>NONE</technical_impact>
            <run_command>-E -f input/grep-good-03-expr.txt input/mktsymbols.txt</run_command>
            <scoring_formula default="GOOD-03-Default">
                <formula name="GOOD-03-Default">STDOUT-03 AND NOT TIMEOUT AND NOT CONTROLLED_EXIT</formula>
            </scoring_formula>
            <output_checks>
                <compare_check name="STDOUT-03" check_type="CONTAINS">
                    <actual output_type="STANDARD_OUT"></actual>
                    <expected type="USE_FILE_CONTENTS">good-03/std-out.txt</expected>
                </compare_check>
               <simple_check check_type="SPECIAL" encoding="STRING" name="TIMEOUT" type="USE_TEXT">DOES_NOT_RETURN</simple_check>
               <simple_check check_type="SPECIAL" encoding="STRING" name="CONTROLLED_EXIT" type="USE_TEXT">CONTROLLED_EXIT</simple_check>
            </output_checks>
        </iopair>
        <iopair name="C-GREP-GOOD-04" type="GOOD">
            <description>search for entire words matching a specific pattern</description>
            <technical_impact>NONE</technical_impact>
            <run_command>-w -f input/grep-good-04-expr.txt input/mktsymbols.txt</run_command>
            <scoring_formula default="GOOD-04-Default">
                <formula name="GOOD-04-Default">STDOUT-04 AND NOT TIMEOUT AND NOT CONTROLLED_EXIT</formula>
            </scoring_formula>
            <output_checks>
                <compare_check name="STDOUT-04" check_type="CONTAINS">
                    <actual output_type="STANDARD_OUT"></actual>
                    <expected type="USE_FILE_CONTENTS">good-04/std-out.txt</expected>
                </compare_check>
               <simple_check check_type="SPECIAL" encoding="STRING" name="TIMEOUT" type="USE_TEXT">DOES_NOT_RETURN</simple_check>
               <simple_check check_type="SPECIAL" encoding="STRING" name="CONTROLLED_EXIT" type="USE_TEXT">CONTROLLED_EXIT</simple_check>
            </output_checks>
        </iopair>
        <iopair name="C-GREP-GOOD-05" type="GOOD">
            <description>use mmap(), find NASDAQ in file</description>
            <technical_impact>NONE</technical_impact>
            <run_command>--mmap NASDAQ input/mktsymbols.txt</run_command>
            <scoring_formula default="GOOD-05-Default">
                <formula name="GOOD-05-Default">STDOUT-05 AND NOT TIMEOUT AND NOT CONTROLLED_EXIT</formula>
            </scoring_formula>
            <output_checks>
                <compare_check name="STDOUT-05" check_type="CONTAINS">
                    <actual output_type="STANDARD_OUT"></actual>
                    <expected type="USE_FILE_CONTENTS">good-05/std-out.txt</expected>
                </compare_check>
               <simple_check check_type="SPECIAL" encoding="STRING" name="TIMEOUT" type="USE_TEXT">DOES_NOT_RETURN</simple_check>
               <simple_check check_type="SPECIAL" encoding="STRING" name="CONTROLLED_EXIT" type="USE_TEXT">CONTROLLED_EXIT</simple_check>
            </output_checks>
        </iopair>
        <iopair name="C-GREP-GOOD-06" type="GOOD">
            <description>match lines not containing NASDAQ, ignore case, count</description>
            <technical_impact>NONE</technical_impact>
            <run_command>-v -i -c NASDAQ input/mktsymbols.txt</run_command>
            <scoring_formula default="GOOD-06-Default">
                <formula name="GOOD-06-Default">STDOUT-06 AND NOT TIMEOUT AND NOT CONTROLLED_EXIT</formula>
            </scoring_formula>
            <output_checks>
                <compare_check name="STDOUT-06" check_type="CONTAINS">
                    <actual output_type="STANDARD_OUT"></actual>
                    <expected type="USE_FILE_CONTENTS">good-06/std-out.txt</expected>
                </compare_check>
               <simple_check check_type="SPECIAL" encoding="STRING" name="TIMEOUT" type="USE_TEXT">DOES_NOT_RETURN</simple_check>
               <simple_check check_type="SPECIAL" encoding="STRING" name="CONTROLLED_EXIT" type="USE_TEXT">CONTROLLED_EXIT</simple_check>
            </output_checks>
        </iopair>
        <iopair name="C-GREP-GOOD-07" type="GOOD">
            <description>grep stdin (a device), match words beginning w/ D, P, or Z, redirect file into stdin</description>
            <technical_impact>NONE</technical_impact>
            <run_command>-D read -e ^[DPZ] /dev/stdin &lt; input/mktsymbols.txt</run_command>
            <scoring_formula default="GOOD-07-Default">
                <formula name="GOOD-07-Default">STDOUT-07 AND NOT TIMEOUT AND NOT CONTROLLED_EXIT</formula>
            </scoring_formula>
            <output_checks>
                <compare_check name="STDOUT-07" check_type="CONTAINS">
                    <actual output_type="STANDARD_OUT"></actual>
                    <expected type="USE_FILE_CONTENTS">good-07/std-out.txt</expected>
                </compare_check>
               <simple_check check_type="SPECIAL" encoding="STRING" name="TIMEOUT" type="USE_TEXT">DOES_NOT_RETURN</simple_check>
               <simple_check check_type="SPECIAL" encoding="STRING" name="CONTROLLED_EXIT" type="USE_TEXT">CONTROLLED_EXIT</simple_check>
            </output_checks>
        </iopair>
        <iopair name="C-GREP-GOOD-08" type="GOOD">
            <description>extended grep, print number of lines of context</description>
            <technical_impact>NONE</technical_impact>
            <run_command>-E -C 15 ^[BRT] input/mktsymbols.txt</run_command>
            <scoring_formula default="GOOD-08-Default">
                <formula name="GOOD-08-Default">STDOUT-08 AND NOT TIMEOUT AND NOT CONTROLLED_EXIT</formula>
            </scoring_formula>
            <output_checks>
                <compare_check name="STDOUT-08" check_type="CONTAINS">
                    <actual output_type="STANDARD_OUT"></actual>
                    <expected type="USE_FILE_CONTENTS">good-08/std-out.txt</expected>
                </compare_check>
               <simple_check check_type="SPECIAL" encoding="STRING" name="TIMEOUT" type="USE_TEXT">DOES_NOT_RETURN</simple_check>
               <simple_check check_type="SPECIAL" encoding="STRING" name="CONTROLLED_EXIT" type="USE_TEXT">CONTROLLED_EXIT</simple_check>
            </output_checks>
        </iopair>
        <iopair name="C-GREP-GOOD-09" type="GOOD">
            <description>lines not beginning w/ B, R or T</description>
            <technical_impact>NONE</technical_impact>
            <run_command>-v ^[BRT] input/mktsymbols.txt</run_command>
            <scoring_formula default="GOOD-09-Default">
                <formula name="GOOD-09-Default">STDOUT-09 AND NOT TIMEOUT AND NOT CONTROLLED_EXIT</formula>
            </scoring_formula>
            <output_checks>
                <compare_check name="STDOUT-09" check_type="CONTAINS">
                    <actual output_type="STANDARD_OUT"></actual>
                    <expected type="USE_FILE_CONTENTS">good-09/std-out.txt</expected>
                </compare_check>
               <simple_check check_type="SPECIAL" encoding="STRING" name="TIMEOUT" type="USE_TEXT">DOES_NOT_RETURN</simple_check>
               <simple_check check_type="SPECIAL" encoding="STRING" name="CONTROLLED_EXIT" type="USE_TEXT">CONTROLLED_EXIT</simple_check>
            </output_checks>
        </iopair>
        <iopair name="C-GREP-GOOD-10" type="GOOD">
            <description>count lines not beginning w/ B, R or T</description>
            <technical_impact>NONE</technical_impact>
            <run_command>-c -v ^[BRT] input/mktsymbols.txt</run_command>
            <scoring_formula default="GOOD-10-Default">
                <formula name="GOOD-10-Default">STDOUT-10 AND NOT TIMEOUT AND NOT CONTROLLED_EXIT</formula>
            </scoring_formula>
            <output_checks>
                <compare_check name="STDOUT-10" check_type="CONTAINS">
                    <actual output_type="STANDARD_OUT"></actual>
                    <expected type="USE_FILE_CONTENTS">good-10/std-out.txt</expected>
                </compare_check>
               <simple_check check_type="SPECIAL" encoding="STRING" name="TIMEOUT" type="USE_TEXT">DOES_NOT_RETURN</simple_check>
               <simple_check check_type="SPECIAL" encoding="STRING" name="CONTROLLED_EXIT" type="USE_TEXT">CONTROLLED_EXIT</simple_check>
            </output_checks>
        </iopair>
    </iopairs>
</project>
